Workbook

Sheet Questions
A2: Business Case : | B2: A batsman’s position in the lineup significantly affects their performance. Openers face fresh bowlers, middle-order batsmen stabilize the innings, and finishers accelerate the scoring. Analyzing performance across batting positions helps teams optimize their batting order for different conditions and oppositions.
B3: The different sheets contains different data, using these information available in the sheets complete the questions below
A5: SI.No | B5: Questions | C5: Marks
A6: 1 | B6: In the dim_players, certain columns (highlighted in yellow) are missing data. Update these columns using the data available in the other sheets. | C6: 5
A7: 2 | B7: Analyze batting performance across different positions by creating a column named "Average Runs by Batting Position" in the batting summary table. Hint: Group by "Batting Position" and calculate the average runs scored. | C7: 5
A8: 3 | B8: Display the Total Runs and Average Runs based on the Batting Position. Sort the data in descending order based on Average Runs. Highlight the top 2 batting positions using Conditional Formatting. \ (Provide your solution in the sheet labeled "Q3"). | C8: 6
A9: 4 | B9: Which batting positions contribute the most runs overall? Hint: Group by "Batting Position" and sum "Runs". (Provide your solution in the sheet labeled "Q4"). | C9: 6
A10: 5 | B10: Which batting positions have the highest percentage of not-outs? Hint: Use the "out/not_out" column to calculate the not-out percentages by position, and generate an appropriate Chart to visualize the data - Ensure the chart has a proper title and is aligned correctly. (Provide your solution in the sheet labeled "Q5"). | C10: 8

Sheet dim_match_summary
A1: team1 | B1: team2 | C1: winner | D1: margin | E1: matchDate | F1: match_id
A2: Super Kings | B2: KKR | C2: Super Kings | D2: 27 runs | E2: 44484 | F2: T203817
A3: Capitals | B3: KKR | C3: KKR | D3: 3 wickets | E3: 44482 | F3: T206442
A4: RCB | B4: KKR | C4: KKR | D4: 4 wickets | E4: 44480 | F4: T208597
A5: Capitals | B5: Super Kings | C5: Super Kings | D5: 4 wickets | E5: 44479 | F5: T201819
A6: Capitals | B6: RCB | C6: RCB | D6: 7 wickets | E6: 44477 | F6: T205942
A7: Mumbai | B7: Sunrisers | C7: Mumbai | D7: 42 runs | E7: 44477 | F7: T201979
A8: KKR | B8: Royals | C8: KKR | D8: 86 runs | E8: 44476 | F8: T204179
A9: Super Kings | B9: Punjab Kings | C9: Punjab Kings | D9: 6 wickets | E9: 44476 | F9: T201866
A10: Sunrisers | B10: RCB | C10: Sunrisers | D10: 4 runs | E10: 44475 | F10: T209992
A11: Royals | B11: Mumbai | C11: Mumbai | D11: 8 wickets | E11: 44474 | F11: T205599
A12: Super Kings | B12: Capitals | C12: Capitals | D12: 3 wickets | E12: 44473 | F12: T207682
A13: Sunrisers | B13: KKR | C13: KKR | D13: 6 wickets | E13: 44472 | F13: T207430
... A134: Super Kings | B134: KKR | C134: KKR | D134: 6 wickets | E134: 44646 | F134: T201512
A135: Titans | B135: Super Kings | C135: Super Kings | D135: 5 wickets | E135: May 28-29, 2023 | F135: T208201
A136: Titans | B136: Mumbai | C136: Titans | D136: 62 runs | E136: 45072 | F136: T203496
A137: Mumbai | B137: Super Giants | C137: Mumbai | D137: 81 runs | E137: 45070 | F137: T203571
A138: Super Kings | B138: Titans | C138: Super Kings | D138: 15 runs | E138: 45069 | F138: T206084
A139: RCB | B139: Titans | C139: Titans | D139: 6 wickets | E139: 45067 | F139: T201605
A140: Sunrisers | B140: Mumbai | C140: Mumbai | D140: 8 wickets | E140: 45067 | F140: T206817
A141: Super Giants | B141: KKR | C141: Super Giants | D141: 1 run | E141: 45066 | F141: T203370
A142: Super Kings | B142: Capitals | C142: Super Kings | D142: 77 runs | E142: 45066 | F142: T206925
A143: Punjab Kings | B143: Royals | C143: Royals | D143: 4 wickets | E143: 45065 | F143: T205037
A144: Sunrisers | B144: RCB | C144: RCB | D144: 8 wickets | E144: 45064 | F144: T202467
A145: Capitals | B145: Punjab Kings | C145: Capitals | D145: 15 runs | E145: 45063 | F145: T201082
A146: Super Giants | B146: Mumbai | C146: Super Giants | D146: 5 runs | E146: 45062 | F146: T208249
A147: Titans | B147: Sunrisers | C147: Titans | D147: 34 runs | E147: 45061 | F147: T208692
... A207: Super Kings | B207: Titans | C207: Titans | D207: 5 wickets | E207: 45016 | F207: T201566

Sheet dim_players
A1: name | B1: team | C1: battingStyle | D1: bowlingStyle | E1: playingRole | F1: Total Matches Played | G1: Total Runs Scored | H1: Total Balls Played | I1: Total Deliveries | J1: RunsConceded/Runs Given
A2: RuturajGaikwad | B2: Super Kings | C2: Right hand Bat | D2: Right arm Offbreak | E2: Batter | F2: =COUNTIFS(fact_batting_summary!E:E, A2) -> 45 | G2: =SUMIFS(fact_batting_summary!G:G, fact_batting_summary!E:E, A2) -> 1593 | H2: =SUMIFS(fact_batting_summary!H:H, fact_batting_summary!E:E, A2) -> 1157 | I2: {=SUMPRODUCT((fact_bowling_summary!D:D=A2)*(fact_bowling_summary!E:E)*6+MOD(fact_bowling_summary!E:E,13)*10)} -> #VALUE! | J2: =SUMIFS(fact_bowling_summary!G:G, fact_bowling_summary!D:D, A2) -> 0
A3: FafduPlessis | B3: Super Kings | C3: Right hand Bat | D3: Legbreak | E3: Middle order Batter | F3: =COUNTIFS(fact_batting_summary!E:E, A3) -> 46 | G3: =SUMIFS(fact_batting_summary!G:G, fact_batting_summary!E:E, A3) -> 1831 | H3: =SUMIFS(fact_batting_summary!H:H, fact_batting_summary!E:E, A3) -> 1300 | I3: =SUMPRODUCT((fact_bowling_summary!D:D=A3)*(fact_bowling_summary!E:E)*6+MOD(fact_bowling_summary!E:E,1)*10) -> #VALUE! | J3: =SUMIFS(fact_bowling_summary!G:G, fact_bowling_summary!D:D, A3) -> 0
A4: RobinUthappa | B4: Super Kings | C4: Right hand Bat | D4: Right arm Medium | E4: Batter | F4: =COUNTIFS(fact_batting_summary!E:E, A4) -> 15 | G4: =SUMIFS(fact_batting_summary!G:G, fact_batting_summary!E:E, A4) -> 345 | H4: =SUMIFS(fact_batting_summary!H:H, fact_batting_summary!E:E, A4) -> 255 | J4: =SUMIFS(fact_bowling_summary!G:G, fact_bowling_summary!D:D, A4) -> 0
A5: MoeenAli | B5: Super Kings | C5: Left hand Bat | D5: Right arm Offbreak | E5: Batting Allrounder | F5: =COUNTIFS(fact_batting_summary!E:E, A5) -> 35 | G5: =SUMIFS(fact_batting_summary!G:G, fact_batting_summary!E:E, A5) -> 725 | H5: =SUMIFS(fact_batting_summary!H:H, fact_batting_summary!E:E, A5) -> 528 | J5: =SUMIFS(fact_bowling_summary!G:G, fact_bowling_summary!D:D, A5) -> 501
A6: ShubmanGill | B6: KKR | C6: Right hand Bat | D6: Right arm Offbreak | E6: Opening Batter | F6: =COUNTIFS(fact_batting_summary!E:E, A6) -> 50 | G6: =SUMIFS(fact_batting_summary!G:G, fact_batting_summary!E:E, A6) -> 1851 | H6: =SUMIFS(fact_batting_summary!H:H, fact_batting_summary!E:E, A6) -> 1331 | J6: =SUMIFS(fact_bowling_summary!G:G, fact_bowling_summary!D:D, A6) -> 0
A7: VenkateshIyer | B7: KKR | C7: Left hand Bat | D7: Right arm Medium | E7: Allrounder | F7: =COUNTIFS(fact_batting_summary!E:E, A7) -> 36 | G7: =SUMIFS(fact_batting_summary!G:G, fact_batting_summary!E:E, A7) -> 956 | H7: =SUMIFS(fact_batting_summary!H:H, fact_batting_summary!E:E, A7) -> 734 | J7: =SUMIFS(fact_bowling_summary!G:G, fact_bowling_summary!D:D, A7) -> 115
A8: NitishRana | B8: KKR | C8: Left hand Bat | D8: Right arm Medium, Right arm Offbreak, Legbreak | E8: Middle order Batter | F8: =COUNTIFS(fact_batting_summary!E:E, A8) -> 44 | G8: =SUMIFS(fact_batting_summary!G:G, fact_batting_summary!E:E, A8) -> 1157 | H8: =SUMIFS(fact_batting_summary!H:H, fact_batting_summary!E:E, A8) -> 858 | J8: =SUMIFS(fact_bowling_summary!G:G, fact_bowling_summary!D:D, A8) -> 110
A9: SunilNarine | B9: KKR | C9: Left hand Bat | D9: Right arm Offbreak | E9: Bowling Allrounder | F9: =COUNTIFS(fact_batting_summary!E:E, A9) -> 30 | G9: =SUMIFS(fact_batting_summary!G:G, fact_batting_summary!E:E, A9) -> 154 | H9: =SUMIFS(fact_batting_summary!H:H, fact_batting_summary!E:E, A9) -> 112 | J9: =SUMIFS(fact_bowling_summary!G:G, fact_bowling_summary!D:D, A9) -> 1056
A10: EoinMorgan | B10: KKR | C10: Left hand Bat | D10: Right arm Medium | E10: Middle order Batter | F10: =COUNTIFS(fact_batting_summary!E:E, A10) -> 16 | G10: =SUMIFS(fact_batting_summary!G:G, fact_batting_summary!E:E, A10) -> 133 | H10: =SUMIFS(fact_batting_summary!H:H, fact_batting_summary!E:E, A10) -> 139 | J10: =SUMIFS(fact_bowling_summary!G:G, fact_bowling_summary!D:D, A10) -> 0
A11: DineshKarthik | B11: KKR | C11: Right hand Bat | D11: Right arm Offbreak | E11: Wicketkeeper Batter | F11: =COUNTIFS(fact_batting_summary!E:E, A11) -> 44 | G11: =SUMIFS(fact_batting_summary!G:G, fact_batting_summary!E:E, A11) -> 693 | H11: =SUMIFS(fact_batting_summary!H:H, fact_batting_summary!E:E, A11) -> 454 | J11: =SUMIFS(fact_bowling_summary!G:G, fact_bowling_summary!D:D, A11) -> 0
A12: ShakibAlHasan | B12: KKR | C12: Left hand Bat | D12: Slow Left arm Orthodox | E12: Allrounder | F12: =COUNTIFS(fact_batting_summary!E:E, A12) -> 6 | G12: =SUMIFS(fact_batting_summary!G:G, fact_batting_summary!E:E, A12) -> 47 | H12: =SUMIFS(fact_batting_summary!H:H, fact_batting_summary!E:E, A12) -> 48 | J12: =SUMIFS(fact_bowling_summary!G:G, fact_bowling_summary!D:D, A12) -> 187
A13: RahulTripathi | B13: KKR | C13: Right hand Bat | D13: Right arm Medium | E13: Top order Batter | F13: =COUNTIFS(fact_batting_summary!E:E, A13) -> 43 | G13: =SUMIFS(fact_batting_summary!G:G, fact_batting_summary!E:E, A13) -> 1083 | H13: =SUMIFS(fact_batting_summary!H:H, fact_batting_summary!E:E, A13) -> 757 | J13: =SUMIFS(fact_bowling_summary!G:G, fact_bowling_summary!D:D, A13) -> 0
A14: LockieFerguson | B14: KKR | C14: Right hand Bat | D14: Right arm Fast | E14: Bowler | F14: =COUNTIFS(fact_batting_summary!E:E, A14) -> 6 | G14: =SUMIFS(fact_batting_summary!G:G, fact_batting_summary!E:E, A14) -> 23 | H14: =SUMIFS(fact_batting_summary!H:H, fact_batting_summary!E:E, A14) -> 15 | J14: =SUMIFS(fact_bowling_summary!G:G, fact_bowling_summary!D:D, A14) -> 747
A15: ShivamMavi | B15: KKR | C15: Right hand Bat | D15: Right arm Fast medium | E15: Bowler | F15: =COUNTIFS(fact_batting_summary!E:E, A15) -> 5 | G15: =SUMIFS(fact_batting_summary!G:G, fact_batting_summary!E:E, A15) -> 28 | H15: =SUMIFS(fact_batting_summary!H:H, fact_batting_summary!E:E, A15) -> 27 | J15: =SUMIFS(fact_bowling_summary!G:G, fact_bowling_summary!D:D, A15) -> 460
... A293: ReeceTopley | B293: RCB | C293: Right hand Bat | D293: Left arm Fast medium | E293: Bowler | F293: =COUNTIFS(fact_batting_summary!E:E, A293) -> 0 | G293: =SUMIFS(fact_batting_summary!G:G, fact_batting_summary!E:E, A293) -> 0 | H293: =SUMIFS(fact_batting_summary!H:H, fact_batting_summary!E:E, A293) -> 0 | J293: =SUMIFS(fact_bowling_summary!G:G, fact_bowling_summary!D:D, A293) -> 14

Sheet fact_batting_summary
A1: match_id | B1: match | C1: teamInnings | D1: battingPos | E1: batsmanName | F1: out/not_out | G1: runs | H1: balls | I1: 4s | J1: 6s | K1: Average Runs by Batting Position
A2: T203817 | B2: Super Kings Vs KKR | C2: Super Kings | D2: 1 | E2: RuturajGaikwad | F2: out | G2: 32 | H2: 27 | I2: 3 | J2: 1 | K2: {=AVERAGEIF(G2:G3269,H2:H3269,D2:D3269)} -> 4.25
A3: T203817 | B3: Super Kings Vs KKR | C3: Super Kings | D3: 2 | E3: FafduPlessis | F3: out | G3: 86 | H3: 59 | I3: 7 | J3: 3 | K3: 2.6666667
A4: T203817 | B4: Super Kings Vs KKR | C4: Super Kings | D4: 3 | E4: RobinUthappa | F4: out | G4: 31 | H4: 15 | I4: 0 | J4: 3 | K4: 4.7777778
A5: T203817 | B5: Super Kings Vs KKR | C5: Super Kings | D5: 4 | E5: MoeenAli | F5: not_out | G5: 37 | H5: 20 | I5: 2 | J5: 3 | K5: 4.9473684
A6: T203817 | B6: Super Kings Vs KKR | C6: KKR | D6: 1 | E6: ShubmanGill | F6: out | G6: 51 | H6: 43 | I6: 6 | J6: 0 | K6: 2.8888889
A7: T203817 | B7: Super Kings Vs KKR | C7: KKR | D7: 2 | E7: VenkateshIyer | F7: out | G7: 50 | H7: 32 | I7: 5 | J7: 3 | K7: 3.9375
A8: T203817 | B8: Super Kings Vs KKR | C8: KKR | D8: 3 | E8: NitishRana | F8: out | G8: 0 | H8: 1 | I8: 0 | J8: 0 | K8: 6.569378
A9: T203817 | B9: Super Kings Vs KKR | C9: KKR | D9: 4 | E9: SunilNarine | F9: out | G9: 2 | H9: 2 | I9: 0 | J9: 0 | K9: 6.1385542
A10: T203817 | B10: Super Kings Vs KKR | C10: KKR | D10: 5 | E10: EoinMorgan | F10: out | G10: 4 | H10: 8 | I10: 0 | J10: 0 | K10: 4.9029126
A11: T203817 | B11: Super Kings Vs KKR | C11: KKR | D11: 6 | E11: DineshKarthik | F11: out | G11: 9 | H11: 7 | I11: 0 | J11: 1 | K11: 4.9278351
A12: T203817 | B12: Super Kings Vs KKR | C12: KKR | D12: 7 | E12: ShakibAlHasan | F12: out | G12: 0 | H12: 1 | I12: 0 | J12: 0 | K12: 6.569378
A13: T203817 | B13: Super Kings Vs KKR | C13: KKR | D13: 8 | E13: RahulTripathi | F13: out | G13: 2 | H13: 3 | I13: 0 | J13: 0 | K13: 5.6607143
A14: T203817 | B14: Super Kings Vs KKR | C14: KKR | D14: 9 | E14: LockieFerguson | F14: not_out | G14: 18 | H14: 11 | I14: 1 | J14: 1 | K14: 4.9649123
... A3269: T201566 | B3269: Super Kings Vs Titans | C3269: Titans | D3269: 7 | E3269: RashidKhan | F3269: not_out | G3269: 10 | H3269: 3 | I3269: 1 | J3269: 1 | K3269: 5.6607143

Sheet fact_bowling_summary
A1: match_id | B1: match | C1: bowlingTeam | D1: bowlerName | E1: overs | F1: maiden | G1: runs | H1: wickets | I1: economy | J1: 0s | K1: 4s | L1: 6s | M1: wides | N1: noBalls
A2: T203817 | B2: Super Kings Vs KKR | C2: KKR | D2: ShakibAlHasan | E2: 3 | F2: 0 | G2: 33 | H2: 0 | I2: 11 | J2: 6 | K2: 2 | L2: 3 | M2: 0 | N2: 0
A3: T203817 | B3: Super Kings Vs KKR | C3: KKR | D3: ShivamMavi | E3: 4 | F3: 0 | G3: 32 | H3: 1 | I3: 8 | J3: 8 | K3: 1 | L3: 2 | M3: 0 | N3: 0
A4: T203817 | B4: Super Kings Vs KKR | C4: KKR | D4: LockieFerguson | E4: 4 | F4: 0 | G4: 56 | H4: 0 | I4: 14 | J4: 4 | K4: 7 | L4: 2 | M4: 2 | N4: 0
A5: T203817 | B5: Super Kings Vs KKR | C5: KKR | D5: VarunChakravarthy | E5: 4 | F5: 0 | G5: 38 | H5: 0 | I5: 9.5 | J5: 5 | K5: 2 | L5: 2 | M5: 0 | N5: 1
A6: T203817 | B6: Super Kings Vs KKR | C6: KKR | D6: SunilNarine | E6: 4 | F6: 0 | G6: 26 | H6: 2 | I6: 6.5 | J6: 6 | K6: 0 | L6: 1 | M6: 1 | N6: 0
A7: T203817 | B7: Super Kings Vs KKR | C7: KKR | D7: VenkateshIyer | E7: 1 | F7: 0 | G7: 5 | H7: 0 | I7: 5 | J7: 2 | K7: 0 | L7: 0 | M7: 0 | N7: 0
A8: T203817 | B8: Super Kings Vs KKR | C8: Super Kings | D8: DeepakChahar | E8: 4 | F8: 0 | G8: 32 | H8: 1 | I8: 8 | J8: 10 | K8: 4 | L8: 1 | M8: 1 | N8: 0
A9: T203817 | B9: Super Kings Vs KKR | C9: Super Kings | D9: JoshHazlewood | E9: 4 | F9: 0 | G9: 29 | H9: 2 | I9: 7.25 | J9: 10 | K9: 2 | L9: 1 | M9: 2 | N9: 0
A10: T203817 | B10: Super Kings Vs KKR | C10: Super Kings | D10: ShardulThakur | E10: 4 | F10: 0 | G10: 38 | H10: 3 | I10: 9.5 | J10: 11 | K10: 3 | L10: 1 | M10: 4 | N10: 1
A11: T203817 | B11: Super Kings Vs KKR | C11: Super Kings | D11: DwayneBravo | E11: 4 | F11: 0 | G11: 29 | H11: 1 | I11: 7.25 | J11: 9 | K11: 1 | L11: 2 | M11: 0 | N11: 0
A12: T203817 | B12: Super Kings Vs KKR | C12: Super Kings | D12: RavindraJadeja | E12: 4 | F12: 0 | G12: 37 | H12: 2 | I12: 9.25 | J12: 9 | K12: 3 | L12: 2 | M12: 1 | N12: 0
A13: T206442 | B13: Capitals Vs KKR | C13: KKR | D13: ShakibAlHasan | E13: 4 | F13: 0 | G13: 28 | H13: 0 | I13: 7 | J13: 9 | K13: 2 | L13: 1 | M13: 1 | N13: 0
... A2437: T201566 | B2437: Super Kings Vs Titans | C2437: Super Kings | D2437: RavindraJadeja | E2437: 4 | F2437: 0 | G2437: 28 | H2437: 1 | I2437: 7 | J2437: 9 | K2437: 1 | L2437: 1 | M2437: 0 | N2437: 0

Sheet Q3
A1: total runs | B1: average runs | C1: battingPos
A2: =SUMIFS(fact_batting_summary!G:G, fact_batting_summary!E:E, fact_batting_summary!E2) -> 1593 | B2: =AVERAGEIFS(fact_batting_summary!G:G, fact_batting_summary!E:E,fact_batting_summary!E2) -> 35.4 | C2: 1
A3: =SUMIFS(fact_batting_summary!G:G, fact_batting_summary!E:E, fact_batting_summary!E3) -> 1831 | B3: =AVERAGEIFS(fact_batting_summary!G:G, fact_batting_summary!E:E,fact_batting_summary!E3) -> 39.804348 | C3: 2
A4: =SUMIFS(fact_batting_summary!G:G, fact_batting_summary!E:E, fact_batting_summary!E4) -> 345 | B4: =AVERAGEIFS(fact_batting_summary!G:G, fact_batting_summary!E:E,fact_batting_summary!E4) -> 23 | C4: 3
A5: =SUMIFS(fact_batting_summary!G:G, fact_batting_summary!E:E, fact_batting_summary!E5) -> 725 | B5: =AVERAGEIFS(fact_batting_summary!G:G, fact_batting_summary!E:E,fact_batting_summary!E5) -> 20.714286 | C5: 4
A6: =SUMIFS(fact_batting_summary!G:G, fact_batting_summary!E:E, fact_batting_summary!E6) -> 1851 | B6: =AVERAGEIFS(fact_batting_summary!G:G, fact_batting_summary!E:E,fact_batting_summary!E6) -> 37.02 | C6: 1
A7: =SUMIFS(fact_batting_summary!G:G, fact_batting_summary!E:E, fact_batting_summary!E7) -> 956 | B7: =AVERAGEIFS(fact_batting_summary!G:G, fact_batting_summary!E:E,fact_batting_summary!E7) -> 26.555556 | C7: 2
A8: =SUMIFS(fact_batting_summary!G:G, fact_batting_summary!E:E, fact_batting_summary!E8) -> 1157 | B8: =AVERAGEIFS(fact_batting_summary!G:G, fact_batting_summary!E:E,fact_batting_summary!E8) -> 26.295455 | C8: 3
A9: =SUMIFS(fact_batting_summary!G:G, fact_batting_summary!E:E, fact_batting_summary!E9) -> 154 | B9: =AVERAGEIFS(fact_batting_summary!G:G, fact_batting_summary!E:E,fact_batting_summary!E9) -> 5.1333333 | C9: 4
A10: =SUMIFS(fact_batting_summary!G:G, fact_batting_summary!E:E, fact_batting_summary!E10) -> 133 | B10: =AVERAGEIFS(fact_batting_summary!G:G, fact_batting_summary!E:E,fact_batting_summary!E10) -> 8.3125 | C10: 5
A11: =SUMIFS(fact_batting_summary!G:G, fact_batting_summary!E:E, fact_batting_summary!E11) -> 693 | B11: =AVERAGEIFS(fact_batting_summary!G:G, fact_batting_summary!E:E,fact_batting_summary!E11) -> 15.75 | C11: 6
A12: =SUMIFS(fact_batting_summary!G:G, fact_batting_summary!E:E, fact_batting_summary!E12) -> 47 | B12: =AVERAGEIFS(fact_batting_summary!G:G, fact_batting_summary!E:E,fact_batting_summary!E12) -> 7.8333333 | C12: 7
A13: =SUMIFS(fact_batting_summary!G:G, fact_batting_summary!E:E, fact_batting_summary!E13) -> 1083 | B13: =AVERAGEIFS(fact_batting_summary!G:G, fact_batting_summary!E:E,fact_batting_summary!E13) -> 25.186047 | C13: 8
... A3269: =SUMIFS(fact_batting_summary!G:G, fact_batting_summary!E:E, fact_batting_summary!E3269) -> 304 | B3269: =AVERAGEIFS(fact_batting_summary!G:G, fact_batting_summary!E:E,fact_batting_summary!E3269) -> 11.692308 | C3269: 7

Sheet Q4
B2: QUE/4 = | C2: Which batting positions contribute the most runs overall?
C4: BATTING POSITION | D4: runs
C5: 2 | D5: 13162

Sheet Q5
A2: QUE/5= | B2: Which batting positions have the highest percentage of not-outs?
B5: BATTING POSITIONS | C5: NOT OUT | D5: NOT OUT %
B6: 1 | C6: =COUNTIFS(fact_batting_summary!$F2:$F3269,fact_batting_summary!F5,fact_batting_summary!D2:D3269,'Q5'!B6) -> 15 | D6: =(C6/$C$17)*100 -> 0.69252078
B7: 2 | C7: =COUNTIFS(fact_batting_summary!$F3:$F3270,fact_batting_summary!F6,fact_batting_summary!D3:D3270,'Q5'!B7) -> 380 | D7: =(C7/$C$17)*100 -> 17.54386
B8: 3 | C8: =COUNTIFS(fact_batting_summary!$F4:$F3271,fact_batting_summary!F7,fact_batting_summary!D4:D3271,'Q5'!B8) -> 375 | D8: =(C8/$C$17)*100 -> 17.313019
B9: 4 | C9: =COUNTIFS(fact_batting_summary!$F5:$F3272,fact_batting_summary!F8,fact_batting_summary!D5:D3272,'Q5'!B9) -> 344 | D9: =(C9/$C$17)*100 -> 15.88181
B10: 5 | C10: =COUNTIFS(fact_batting_summary!$F6:$F3273,fact_batting_summary!F9,fact_batting_summary!D6:D3273,'Q5'!B10) -> 287 | D10: =(C10/$C$17)*100 -> 13.250231
B11: 6 | C11: =COUNTIFS(fact_batting_summary!$F7:$F3274,fact_batting_summary!F10,fact_batting_summary!D7:D3274,'Q5'!B11) -> 254 | D11: =(C11/$C$17)*100 -> 11.726685
B12: 7 | C12: =COUNTIFS(fact_batting_summary!$F8:$F3275,fact_batting_summary!F11,fact_batting_summary!D8:D3275,'Q5'!B12) -> 195 | D12: =(C12/$C$17)*100 -> 9.0027701
B13: 8 | C13: =COUNTIFS(fact_batting_summary!$F9:$F3276,fact_batting_summary!F12,fact_batting_summary!D9:D3276,'Q5'!B13) -> 145 | D13: =(C13/$C$17)*100 -> 6.6943675
B14: 9 | C14: =COUNTIFS(fact_batting_summary!$F10:$F3277,fact_batting_summary!F13,fact_batting_summary!D10:D3277,'Q5'!B14) -> 86 | D14: =(C14/$C$17)*100 -> 3.9704524
B15: 10 | C15: =COUNTIFS(fact_batting_summary!$F11:$F3278,fact_batting_summary!F14,fact_batting_summary!D11:D3278,'Q5'!B15) -> 71 | D15: =(C15/$C$17)*100 -> 3.2779317
B16: 11 | C16: =COUNTIFS(fact_batting_summary!$F12:$F3279,fact_batting_summary!F15,fact_batting_summary!D12:D3279,'Q5'!B16) -> 14 | D16: =(C16/$C$17)*100 -> 0.64635272
B17: TOTAL | C17: =SUM(C6:C16) -> 2166 | D17: AVG=9.1
